mavissky1,
alpineshowtime,
cabitaiscool,
wayfarier,
riodoeseverything,
elliotwair,
brennanleemulligan,
smilingpuddles,
wonderback.exe,
fever.dreamer_,
liminalspaces101,
different.dimension1,
mattstudiosanimations,
markiplier,
erdschein,
hattus_,
nonsense_eye,
jorgeherrans,
abigaildesignshandmade,
thebeautifulempty,
shakespearesglobe,
andyarthursmith,
kaylee.jaye,
idonotexistbud,
idiosinkrasies,
augustgreenwood,
cupcake_creates,
fatherofpeacetv,
onetopicatatime,
atlspacequartet,
the_real_zye_red,
5tinky.cat,
7kinhomestead,
scaroflove.
blackfoxaltair,
minbitts,
endeavorance,
foxteeth,
theterribledogfish,
caoiltemaclean,
iivdrips,
scree_the_rat,
sparkbirdmusic,
hozierofficial,
sharrpsa,
glowworms99,
theomasters,
glennydevvyy,
wolfb3ck,
ivyconnivy,
eliomeimusic,
rayncloudart,
sam_reich,
patchworkpaladdin,
yaelokre,
bristow_built,
dropoutdottv,
denungeherrholm,
pintofplane,
localoverlord,
humanrightscampaign,
ichikanito,
morgandrinkscoffee,
crumbington,
bugfishhhh,
freddiechen,
dannyphantom.exe,
dimension20,
hankgreen1,
literallyjohngreen,
gamechangershow,
ashgavscomedy,
jacqueszewhipper,
